{
  "TariffZonesFileName": "./tariff-zones.json",
  "ConnectionStrings": {
    "DefaultConnection": "Server=::1;Database=aspnet-WebApplication2-53bc9b9d-9d6a-45d4-8429-2a2761773502;Trusted_Connection=False;MultipleActiveResultSets=true;User Id=sa; Password=qazWSX123;",
    "BankSystemConnection": "Server=::1;Database=banksystem;Trusted_Connection=False;MultipleActiveResultSets=true;User Id=sa; Password=qazWSX123;",
    "EnergyServicesConnection": "Server=::1;Database=energycompany;Trusted_Connection=False;MultipleActiveResultSets=true;User Id=sa; Password=qazWSX123;"
  },
  "Contract": {
    "Url": "http://127.0.01:7545",
    "Address": "0x59347f279240C5DF37B3FF7Eb9E4EeC0Ccc9c78d",
    "PrivateKey": "cad9c96c79811e66f7e5f5fc4f08c576a0e75411a9052495b30dd6c44d4143f6"
  } 

}